년월일,가톨릭대학교 서울성모병원,강남자원회수시설,경희의료원,노원자원회수시설,대성산업주식회사,마포자원회수시설,삼성서울병원,서남바이오에너지㈜,서울대학교병원,서울물재생시설공단(구 서남물재생센터),서울시 중랑물재생센터,서울시탄천물재생센터,서울아산병원,서울에너지공사 (목동열병합발전소),서울에너지공사 동부지사(노원열병합발전소),서울에너지공사(마곡 집단에너지 공급시설),양천자원회수시설,연세의료원,은평환경플랜트,㈜더블유티씨서울,㈜호텔롯데(롯데월드),한국중부발전㈜서울발전본부,한국지역난방공사 강남지사(동남권CES),한국지역난방공사 중앙지사(상암),한국지역난방공사 중앙지사(상암2CES)
2019-01-01,76407,99855,12004,147816,0,232564,41552,151255,40218,35929,24213,33013,28369,153921,186471,83955,77997,47387,12210,133636,61094,141122,0,0,0
2019-01-02,83897,114950,15769,149551,48387,184790,45852,127466,38928,33207,24786,33043,39575,152697,182635,88693,84753,55148,10129,135220,61966,120526,0,0,0
2019-01-03,83877,113376,14520,156172,39529,206623,44533,138602,45205,44901,24746,34045,46821,159113,164472,84319,73730,78804,14860,127364,59489,105704,0,0,0
2019-01-04,77174,108716,13844,153836,46937,198925,42732,131045,37376,43276,14630,33086,44498,139843,160841,59839,79836,81562,10349,125834,43580,107811,0,0,0
2019-01-05,76070,125758,10001,156315,42973,204200,40946,125328,17252,45210,20516,32731,41195,155325,209506,41153,64721,78087,10375,124488,51405,109227,0,0,0
2019-01-06,68731,102272,9886,159365,0,225354,42496,146867,21010,38032,28366,36410,40308,159540,188499,41795,66827,77795,8786,130645,40511,103656,0,0,0
2019-01-07,74521,131815,12271,163622,33588,244987,40865,147717,21862,23773,28540,35375,45538,160553,135680,42786,69414,81218,6857,127157,40057,111579,0,0,0
2019-01-08,70899,123937,14170,159177,42765,214866,40634,154352,23484,49521,21775,36513,44411,162511,118948,47673,82344,63268,14245,121753,37953,110602,0,0,0
2019-01-09,81771,111219,15058,152862,40056,188369,42843,155787,19679,23704,27522,36806,44574,147006,137100,43299,81831,53757,16554,135029,58193,121484,0,0,0
2019-01-10,76494,100502,11826,160096,26178,254733,37969,153796,17421,23399,24986,34256,34783,149969,180432,44517,69783,48068,21492,118771,61035,111363,0,0,0
2019-01-11,70338,85510,9586,153551,28441,205693,33400,151789,20902,36062,28454,32790,30569,144249,225493,39218,73506,41292,16339,111310,44399,110931,0,0,0
2019-01-12,66981,100140,7649,149563,52456,188321,30738,136410,28717,35588,28494,30616,27632,121402,237668,37150,67282,34144,14716,107739,49381,44643,0,0,0
2019-01-13,63254,68827,2879,108723,0,97968,30700,81129,24750,40819,21283,31560,23758,106266,201712,41796,44283,31029,15197,106233,48463,139536,0,0,0
2019-01-14,65363,50849,8119,78781,18425,92132,31966,106821,23398,39701,20546,31819,30727,45290,170546,41032,47748,36108,12249,101885,49680,113490,0,0,0
2019-01-15,64058,83417,11017,109117,21961,103721,36228,73014,24543,54755,19862,34066,32064,42142,167729,46964,53508,37853,10543,114356,55005,122877,0,0,0
2019-01-16,75388,98557,13550,158528,45532,148947,40722,76663,21328,57996,6926,33566,40977,53490,168835,50799,89269,49200,18992,110423,64206,145493,0,0,0
2019-01-17,73515,120738,10360,143464,44699,153374,36657,79562,17154,54667,8125,30721,39758,50185,153315,39046,90710,46071,12575,123987,50305,84565,0,0,0
2019-01-18,70672,100093,11811,146310,25548,194501,35382,97640,16951,49980,18650,23139,38216,45728,147827,38925,73017,40867,17311,92938,52985,88851,0,0,0
2019-01-19,55808,114407,7847,134162,34872,163183,26132,157525,13775,39296,22630,31949,29270,52955,153437,34628,71452,27789,17553,99314,47967,91373,0,0,0
2019-01-20,65921,111628,7752,159480,0,167012,33384,169911,30832,16623,19401,32188,34167,68102,157933,38402,82287,30463,16045,104923,48548,88075,0,0,0
2019-01-21,77427,98653,13359,165099,42907,176514,36585,168514,49650,23329,21344,30861,40678,57806,169284,57388,75859,37664,20260,98251,52819,87597,0,0,0
2019-01-22,67530,84533,11587,122685,22780,152131,32820,173133,42683,22171,22838,30345,38314,59072,184366,41386,72369,34721,20407,90124,38537,91372,0,0,0
2019-01-23,66953,84546,9804,148177,24808,172675,30564,181539,39800,34744,27701,31191,35068,61394,147051,40299,70396,42144,19301,107748,43915,95776,0,0,0
2019-01-24,79284,113048,11807,148284,34629,146785,34357,183643,18974,35185,28300,32357,29845,89072,176328,39108,108371,43922,12763,111743,45296,103180,0,0,0
2019-01-25,74978,127853,10309,153937,38481,163833,37001,181373,18035,31035,29958,32080,29737,104126,175900,39730,76548,44700,16471,111247,53370,99989,0,0,0
2019-01-26,74781,79432,9748,163210,41737,173059,39897,188088,19093,38800,30772,31124,27387,53349,201530,39201,70587,44501,19259,116424,57277,91897,0,0,0
2019-01-27,71786,65125,6976,170893,0,151457,35283,185683,21979,30435,25893,31750,23693,46770,171614,40922,75021,36285,15330,113585,47283,94779,0,0,0
2019-01-28,70320,73611,10895,141432,35819,173225,33032,180424,18895,27773,24998,31013,31148,50459,175256,43370,85942,43160,18175,108316,45024,92647,0,0,0
2019-01-29,79938,86861,8513,156398,32027,175265,36705,178311,18845,40550,23909,32690,30919,59408,198632,37839,82510,61395,20366,119329,44928,92346,0,0,0
2019-01-30,69090,111103,10473,141182,23576,185616,30177,167015,18048,46121,22061,32085,25368,47073,171957,38749,79852,72647,20532,113598,43863,89850,0,0,0
2019-01-31,72146,139140,10673,151696,36888,211114,32478,175829,18554,52665,31508,31949,25087,67922,145023,43470,75833,76568,15712,115468,46125,102720,0,0,0
2019-02-01,78673,149824,11214,159499,34993,187878,35925,161670,18766,48839,29915,28599,27447,57453,162238,37952,84682,65102,14227,120327,48838,99393,0,0,0
2019-02-02,64037,125961,9013,155675,24730,187686,31080,150814,17595,45748,33095,28682,22118,47617,159278,35629,76504,33700,10879,111897,46292,97324,0,0,0
2019-02-03,53251,111526,5952,143745,0,177434,22525,149555,22121,42274,31362,29530,19813,46504,135468,53854,70792,23716,15071,90768,43647,88096,0,0,0
2019-02-04,67872,84038,7405,145048,0,158962,30919,154687,20615,44146,34105,33466,21072,63392,171329,48535,60833,32272,18162,114703,41279,87732,0,0,0
2019-02-05,60133,81943,7558,152028,0,158319,26797,129515,23220,39679,32975,30358,21022,53300,170305,51496,70704,29749,9568,110548,36108,99921,0,0,0
2019-02-06,55534,72985,7130,139750,0,139642,26352,126484,20583,37670,32770,27684,21626,57548,154914,53278,71684,28227,7636,94387,34609,100522,0,0,0
2019-02-07,69175,74627,12152,128745,37705,120690,33636,134215,22963,46758,26725,26573,26745,101184,159713,36290,80191,47089,8246,114153,41532,96533,0,0,0
2019-02-08,83797,102683,14365,167864,47505,155494,46763,118024,20991,48265,33205,27528,31373,140854,152065,45520,92631,54145,16358,130773,50604,92689,0,0,49
2019-02-09,73958,124663,12460,150617,44671,152642,44213,131858,18552,38325,35164,22138,26871,150133,148694,40409,94292,49323,17519,123593,47224,108328,0,0,17
2019-02-10,69634,84325,10603,154187,0,150006,44299,133794,22468,49934,37371,25978,25883,163399,150896,42273,83084,46639,24324,128969,43629,114045,0,0,0
2019-02-11,79705,76992,13447,157979,41835,138761,43297,130618,17948,48362,32760,465,31547,113775,154850,38982,88318,52571,22757,129851,43799,105303,0,0,0
2019-02-12,77099,79619,12455,148892,42615,136623,38720,100358,17111,44057,33583,5584,31966,58522,153113,48429,76233,59043,29589,119184,43229,131540,0,0,0
2019-02-13,77043,93800,13109,148183,35693,148753,41091,98594,17000,45280,29163,12092,35769,54208,145780,46490,73208,77664,22314,121491,43951,114764,0,0,0
2019-02-14,76353,117412,11830,146552,36762,143798,40213,100846,16792,40828,32814,11330,33925,81663,141377,38845,86917,81065,9066,122446,37561,126439,0,0,0
2019-02-15,69678,133400,9168,165655,34539,202274,37283,101641,16297,29094,30880,58186,27772,123256,142646,46225,80604,68527,7477,113235,45220,116774,0,0,0
2019-02-16,69827,121015,9260,140917,40386,260064,36899,105874,20416,33822,30742,26645,26356,128999,143045,34740,81313,44978,7593,119034,51849,104200,0,0,0
2019-02-17,63376,127154,9241,147736,0,244271,38625,112344,21581,33309,30004,73164,26680,117363,93998,35209,79244,42844,4714,110050,50833,49940,0,0,0
2019-02-18,70498,118612,11657,148171,27993,222472,38394,101125,17633,47859,29885,27888,28384,136781,90716,46832,80280,49339,10758,111408,48071,54897,0,0,0
2019-02-19,69143,114884,9664,140536,37857,233760,31502,107624,22503,50865,29062,24298,25708,118810,109950,36668,76271,44771,4741,87596,45912,55044,0,0,0
2019-02-20,67179,71813,11346,114349,19621,131810,32579,110216,25606,50307,27605,22542,27258,131260,114526,36707,62176,43300,7970,92638,43265,53835,0,0,0
2019-02-21,61792,50507,10160,113621,37377,149478,30660,113511,14780,52196,31090,23473,28998,84459,119942,39423,47998,40853,7472,89361,42687,48061,0,0,0
2019-02-22,63057,47524,7827,108206,23705,141006,27253,114549,16160,38498,30585,26033,28111,55805,124940,35953,39794,39555,16483,91086,35612,47555,0,0,25317
2019-02-23,55904,79018,5135,90660,18783,135917,22792,113092,25687,37200,29332,28752,19731,109529,116909,39385,46986,33225,15268,83785,34963,14769,0,0,0
2019-02-24,52177,135311,4530,102337,0,153707,21434,113310,21581,37487,30644,34023,18348,76226,135307,37708,75723,29031,14560,80865,35463,0,0,0,0
2019-02-25,59305,111740,8570,113247,14420,149589,22073,105420,19702,38115,29633,39143,23060,78804,108507,15448,84437,36022,13952,85071,26573,0,0,0,30727
2019-02-26,58284,137399,7986,115558,13058,143992,25859,114279,20584,36482,5809,35771,26629,62297,102735,0,62590,36244,16110,77115,27787,0,0,0,87918
2019-02-27,51377,129069,6694,121757,10887,213608,21187,109390,18463,38418,7719,40386,21275,38130,129660,0,63692,30259,11289,70480,31010,0,0,0,32329
2019-02-28,55255,86439,7345,93389,27956,185162,22110,106245,19332,40635,10670,37825,17779,33285,98161,0,49025,32074,7926,69185,33162,0,139810,0,0
2019-03-01,53593,61148,3224,105738,0,140429,21698,108900,20370,37293,17127,38775,17146,31583,81906,0,54157,26306,12664,71307,34451,0,258807,0,0
2019-03-02,52148,56986,5210,110595,10404,135583,21037,108463,23293,35819,13980,41950,17547,34618,89258,0,45177,26337,10144,58019,31775,0,197310,0,0
2019-03-03,46622,70438,1104,63807,0,143262,19030,109956,17323,35825,10069,41935,14368,23694,111410,0,46164,24578,12268,46522,28434,0,210498,0,0
2019-03-04,45888,64107,6380,79154,21801,185234,19342,112511,46813,39740,13581,35885,14834,18041,71920,0,49343,25248,7404,56091,20612,0,167315,0,0
2019-03-05,44981,79428,6036,108189,7678,144919,17776,108915,94814,35561,20975,32256,16315,23387,64518,0,47081,24274,7925,46198,22976,0,0,0,0
2019-03-06,47815,87991,6662,103746,14580,156165,16921,109318,91659,27893,20637,30681,16672,31066,73003,0,46057,25509,16939,45590,21973,0,113723,0,0
2019-03-07,52570,113280,5297,117180,7559,157108,16754,113320,94732,15717,24560,30196,18174,27371,80404,0,56508,28880,15513,55338,22226,0,180330,0,0
2019-03-08,53506,150557,8571,133264,13730,215585,20398,56210,43378,12830,27464,35218,18963,29918,92281,0,67534,31825,13379,48137,23144,0,190688,0,0
2019-03-09,49953,105389,5065,138702,12231,215140,17546,56736,16523,20607,24008,34371,17253,25242,76565,0,69553,30190,13561,40819,25500,0,205517,0,0
2019-03-10,44997,144743,1349,127746,0,173127,14717,56043,10750,16489,27704,28981,15324,25223,70892,0,47718,27831,18587,50914,23155,0,175026,0,0
2019-03-11,51123,144947,7680,124413,8289,162180,14867,57983,10068,20688,26352,30321,18916,26859,86367,0,51113,29595,17262,55455,22928,0,170582,0,0
2019-03-12,58102,142388,9053,150905,10335,192529,19939,62012,10946,18925,25327,31514,19990,44112,134642,0,60687,31285,19922,65649,24692,0,175183,0,0
2019-03-13,60719,101553,10070,134671,15660,161827,23861,78188,14425,19942,25018,32042,22081,49383,179161,0,56387,34623,21049,81639,24360,0,186642,0,0
2019-03-14,61617,112516,8482,145364,12958,138113,22857,74764,15812,17134,26791,43687,19980,49086,98943,0,62985,34262,16341,75639,23486,0,185809,0,0
2019-03-15,52101,151694,7367,143067,11477,138964,21400,108401,11525,12660,25719,42612,17211,39419,75076,0,47758,29833,11199,75193,27112,0,160808,0,0
2019-03-16,50747,134346,6438,139843,10636,109157,21260,117059,9686,13411,25729,47894,16226,42970,111209,0,62277,29946,6212,54369,29206,0,162269,0,0
2019-03-17,42501,115961,2998,137967,0,93946,18503,113295,9805,13325,25165,47752,15303,36321,96115,0,68866,28051,0,53624,26842,0,165333,0,0
2019-03-18,51470,134477,6870,125278,0,198167,21515,115692,12766,16235,24817,49059,18290,40243,79600,0,74635,31224,0,59280,23515,0,164367,0,0
2019-03-19,46674,138878,6299,134442,4113,185910,18842,110110,11689,13244,21316,52658,16158,38117,64855,0,37864,28039,0,52774,23151,0,158967,0,0
2019-03-20,39642,138795,5705,148209,0,237567,15447,98027,21225,15000,21529,52514,16115,25391,54999,0,39709,25382,0,50353,22707,0,156879,0,0
2019-03-21,44003,132273,4504,145907,2088,196030,16954,96726,11004,22573,19867,51635,17857,32851,58976,0,38635,26423,0,48884,23656,0,162648,0,0
2019-03-22,57819,134599,7327,158160,3258,184077,21922,105717,16108,20827,22415,54853,20856,25646,102677,0,39831,35526,0,76156,24565,326,183136,0,0
2019-03-23,51784,131996,6174,165448,12234,212927,20463,101578,19270,21485,20647,54997,19342,25857,108682,0,36576,32035,0,79448,28899,0,187225,0,0
2019-03-24,47015,130286,2226,168044,0,143896,18613,102351,13553,23785,22606,53748,16958,18361,105089,0,36128,29922,0,75971,27507,0,182420,0,0
2019-03-25,51938,137025,7567,139594,5985,134826,18924,99157,9313,28841,22014,53403,19971,28011,75958,0,36197,31511,0,80274,23120,0,170518,0,0
2019-03-26,43125,149791,4896,134030,0,203518,16273,100042,8634,23965,22400,53157,17328,28033,66929,0,40700,27555,1,60265,23346,0,168751,0,0
2019-03-27,36855,139917,5835,146599,0,204069,14695,98118,8848,17992,21016,53726,16800,20523,49437,0,36884,24321,183,49645,23839,0,165411,0,0
2019-03-28,44571,90820,4710,156180,0,244297,16847,104373,11984,15430,21789,49913,19171,30783,50140,0,4835,26512,4190,50563,23193,0,181439,0,0
2019-03-29,46282,95501,5419,144714,0,219846,15498,108072,11221,15579,13927,41987,19605,25486,55460,0,3224,29554,5005,82404,22768,0,176314,0,0
2019-03-30,43244,107731,4738,146921,0,218368,16374,102399,11729,14644,22644,41818,17221,49195,83795,0,10589,27011,7209,112036,27960,0,171845,0,0
2019-03-31,40785,114421,4779,160598,0,180356,15800,110455,11784,11438,24527,42952,16615,70352,107924,0,32748,29521,10593,113424,27962,0,181294,0,0
2019-04-01,56696,73017,4708,151709,0,225637,19724,113861,10136,9140,24052,44307,21859,38770,80141,0,38432,35056,9086,113424,23494,0,192370,0,0
2019-04-02,52173,82122,4525,140838,0,151864,18362,109778,9674,9163,23140,55134,21525,36997,119834,0,40414,31910,7598,113424,22954,0,207011,0,0
2019-04-03,50399,91538,4485,139678,0,132763,18353,116699,9359,9905,19649,44442,20375,27778,99874,0,33745,31011,9071,111428,23022,0,177920,0,0
2019-04-04,47716,82864,4558,148479,0,130464,17629,109491,9994,10286,12110,44664,19046,26222,75321,0,40526,28093,8435,117220,22088,0,176095,0,0
2019-04-05,42413,86331,3878,140019,402,135809,16379,108962,9598,10238,25480,44274,18934,23765,72788,0,40921,25502,11135,113424,25147,0,173106,0,0
2019-04-06,42518,96772,4110,132411,0,213241,15572,110417,10043,13837,25752,44637,16275,21575,56910,0,40855,24479,8570,113424,24721,0,179024,0,0
2019-04-07,31765,97253,1723,80944,0,245623,11842,112942,9736,17118,22989,41709,15427,25025,84217,0,39480,20566,14747,113424,24122,0,177093,0,0
2019-04-08,41581,104901,4496,72429,0,249205,15435,120951,8793,17569,24228,33046,19717,14052,63501,0,49573,26520,13943,106260,19331,0,172922,0,0
2019-04-09,41965,94819,3664,73290,0,223133,16646,110793,10093,17245,4760,30864,17340,3749,66224,0,65531,24387,15173,99664,21176,0,171625,0,0
2019-04-10,43921,80628,3158,85175,0,276124,15992,100016,8475,15324,0,30095,15063,11513,82872,0,76861,24825,14866,109280,21768,0,169127,0,0
2019-04-11,39571,47114,3181,86097,0,249813,15983,102613,8256,16370,1806,31228,14756,0,73546,0,66725,25301,8403,48233,20853,0,171881,0,0
2019-04-12,39852,30951,3607,80402,309,253249,15830,105222,8252,16729,17326,33063,13742,0,72184,0,72076,24983,10243,51641,21132,0,166713,0,0
2019-04-13,35839,29911,4139,9404,0,112809,14745,117366,8210,17211,30990,33098,13773,0,89378,0,75975,22325,11052,50524,22588,0,166492,0,0
2019-04-14,34979,26424,1928,0,0,135790,15800,117966,12463,17565,25252,25376,13368,2510,86860,0,73721,21300,11720,50167,21006,0,177254,0,0
2019-04-15,40375,30675,4411,0,0,178436,16733,121011,30381,17288,17281,21400,17135,4162,91196,0,76373,26063,13438,59782,16605,0,181031,0,0
2019-04-16,38088,21641,3831,1170,0,190747,14761,121935,26124,18368,18915,37643,16276,1414,73025,0,73416,24732,7723,53280,17695,0,172274,0,0
2019-04-17,31604,20823,3647,3226,0,179202,12281,111583,23612,16604,16508,38512,14973,0,71991,0,73615,20598,7750,43209,17599,0,179488,0,0
2019-04-18,27937,17972,3165,0,0,143292,11299,106726,21218,17602,20589,38416,10621,0,42227,0,80844,16955,11609,32114,19643,0,93214,0,0
2019-04-19,27091,30539,3696,13338,481,125224,12550,113641,22338,14255,21113,28194,12757,0,45042,0,90190,18417,9115,32612,19183,0,0,0,0
2019-04-20,22092,42044,3696,93498,0,67584,8917,108961,20731,15102,23334,26114,11041,0,33775,0,108519,14513,6602,45982,21883,0,0,0,0
2019-04-21,19564,4813,3696,90161,0,67584,7253,105244,19858,14617,21561,16455,9700,0,36642,0,92730,14684,10937,45973,21866,0,0,0,0
2019-04-22,23224,0,3696,87157,0,67584,8766,107967,23214,14947,22282,17230,12339,0,31021,0,98837,16269,11757,43477,21066,0,0,0,0
2019-04-23,21370,0,3696,90629,0,91696,9174,105943,16761,9678,16427,15771,11302,0,24147,0,85314,15805,7077,43762,23529,0,0,0,0
2019-04-24,19742,0,2902,86309,0,88568,7280,98732,13376,5314,18401,16204,12335,0,21836,0,85862,15549,10124,41067,20353,0,0,0,0
2019-04-25,20040,0,3261,116289,0,21262,9275,106170,17932,14898,23100,16674,12355,0,21912,0,90989,15527,12297,54646,19254,0,0,0,0
2019-04-26,25510,0,3405,139693,0,0,11959,115037,13616,22031,18044,16521,14023,1300,21652,0,97062,17977,9652,106173,15995,0,86005,0,0
2019-04-27,20398,0,3114,166180,0,0,13406,122706,6937,24234,14555,15805,12951,2596,25438,0,87237,14977,10684,63469,20424,0,183301,0,0
2019-04-28,20043,0,2542,172866,0,0,12288,120622,8811,22449,12915,15540,10904,0,19750,0,77142,12503,12668,92726,19464,0,153171,0,0
2019-04-29,24120,0,3336,183153,0,8552,14513,118489,9471,20422,12977,14918,13342,0,17228,0,88518,15875,10691,71254,17974,0,144447,0,0
2019-04-30,23119,0,2367,175139,0,34000,17187,116315,13865,20736,13601,28960,12578,0,23904,0,83093,14933,11905,77743,20674,0,121795,0,0
2019-05-01,19159,0,597,175636,0,78089,13922,121115,19232,19133,21777,28451,9154,0,20663,0,81232,12099,13007,62831,20976,0,82157,0,0
2019-05-02,22365,0,895,161924,0,67872,17404,135961,14290,20014,24569,24967,13714,0,9472,0,85024,16133,10309,69077,19801,0,0,0,0
2019-05-03,23388,0,975,153272,0,33768,15047,125305,10231,20513,19957,28812,12933,0,0,0,82734,14652,8025,68829,20921,0,0,0,0
2019-05-04,20530,0,680,148958,0,75332,5271,117056,6052,10891,21800,28900,10897,0,0,0,85303,14857,8766,61454,28218,0,0,0,0
2019-05-05,19341,0,576,150408,0,160620,2855,127667,8972,11021,22380,28422,7481,0,0,0,78102,13888,9724,60606,25362,0,0,0,0
2019-05-06,22340,0,654,171071,0,131867,4908,141795,18015,14501,22039,30951,10105,0,1637,0,83836,11733,12013,64566,20187,0,0,0,0
2019-05-07,25564,0,938,158956,0,101615,8623,136022,17128,19843,22325,27484,13491,0,20169,0,83044,15484,15708,61044,19265,0,0,0,0
2019-05-08,22569,0,686,159052,0,108193,8296,130247,13525,14053,21877,30350,12153,0,0,0,85341,15729,11502,55301,20202,0,0,0,0
2019-05-09,24134,0,875,169646,0,122788,7343,125994,13208,6141,20757,37617,8482,0,0,0,87816,17416,11489,54281,21470,0,0,0,0
2019-05-10,22315,0,910,173681,213,176241,7054,177443,5819,5125,16661,42345,9448,0,0,0,80694,16924,10407,60209,21344,0,0,0,0
2019-05-11,20052,0,659,178136,0,170791,6200,200329,8101,3876,26062,40810,7305,0,0,0,78829,17600,8377,50581,27173,0,0,0,0
2019-05-12,16349,0,397,170693,0,192598,6212,271497,14654,3818,25790,39578,11496,0,0,0,74356,17457,9504,49556,27550,0,0,0,0
2019-05-13,18428,0,683,168577,0,192699,7101,153045,12628,4880,22109,39608,6608,0,0,0,76745,23640,10958,66869,20508,0,0,0,0
2019-05-14,21125,0,776,168196,0,183615,7599,141243,13293,4147,21526,39531,13650,0,0,0,80798,21175,13215,48833,21485,0,0,0,0
2019-05-15,19743,0,776,153876,0,203293,6843,132387,10871,4080,22275,39926,15850,0,0,0,82978,17753,17170,45328,16066,0,0,0,0
2019-05-16,25049,0,685,153097,0,186740,7282,125355,8156,4450,22987,41863,14322,0,0,0,87400,22034,14155,42093,16686,0,0,0,0
2019-05-17,24806,1231,918,160310,0,184251,10106,131361,8815,4630,17178,44370,15736,0,0,0,91256,25600,9836,46797,16062,0,0,0,0
2019-05-18,24190,6473,458,163777,0,186724,7305,141225,9480,5029,23027,45462,11368,0,0,0,82664,20222,7041,42268,16427,0,0,0,0
2019-05-19,14397,21790,228,163230,0,243947,8413,115454,16539,4830,21331,45255,9307,0,0,0,77635,19455,5238,41471,21201,0,0,0,0
2019-05-20,20520,57657,600,160839,0,263903,9597,147545,18358,5298,12338,9439,10806,0,0,0,96058,26097,6457,45530,16145,0,0,0,0
2019-05-21,29662,58615,689,160214,0,230597,9396,160122,14642,5090,20918,15006,13278,0,0,0,81259,24613,10319,47757,15217,0,0,0,0
2019-05-22,34066,61176,729,164396,0,212919,9924,163437,8792,4871,21487,15220,13305,0,0,0,88778,27358,12026,48430,19475,0,0,0,0
2019-05-23,36761,64600,756,169610,0,204154,10221,141945,6971,3725,24535,17371,16559,0,0,0,84357,28668,10126,45404,19302,0,0,0,0
2019-05-24,40079,63572,803,153530,0,151019,9474,97637,7951,3829,17337,23133,17546,0,0,0,93013,27555,14767,44973,19824,0,0,0,0
2019-05-25,28348,67843,572,149076,0,94770,13621,106840,10704,4375,24134,28212,12224,0,0,0,89004,27103,11105,115230,20324,0,0,0,0
2019-05-26,15078,75034,418,160901,0,158785,7802,111223,11550,3706,20751,25625,12515,0,0,0,83704,25927,9484,108718,20629,0,0,0,0
2019-05-27,33302,93660,532,148108,0,203819,6543,105415,8547,4312,14657,31343,16988,0,0,0,93689,25907,7224,149502,15861,0,0,0,0
2019-05-28,37477,90592,788,141697,645,235352,9340,119986,13214,2576,2643,33412,14891,0,0,0,94947,26095,9804,109548,18597,0,0,0,0
2019-05-29,35280,81074,688,134394,0,214323,7896,112456,14106,5211,1205,32945,18577,0,0,0,101536,21010,12244,110534,19251,0,0,0,0
2019-05-30,30978,13214,689,138421,0,212102,8443,114633,7700,4376,13227,36407,15891,0,0,0,104988,21045,17530,116112,19788,0,0,0,0
2019-05-31,37889,8300,560,138363,0,198516,8867,113614,9047,4463,26517,37748,15721,0,0,0,106763,19953,11573,115204,18884,0,0,0,0
2019-06-01,28139,5343,244,156349,0,201589,6877,146533,15982,4774,29000,35554,13995,0,0,0,103215,18042,9301,118875,20898,,0,0,0
2019-06-02,13790,29868,203,162456,0,180606,8278,136213,12646,5278,27827,35467,10701,0,0,0,100331,21492,8379,113375,23237,,0,0,0
2019-06-03,33390,138033,322,165606,0,158305,8844,135159,8134,6463,23158,25991,16395,0,0,0,95749,24493,7315,95668,13592,,0,0,0
2019-06-04,29650,222513,299,164238,9263,165504,11247,122282,8304,6456,35179,24165,20314,0,0,0,84483,31450,7197,107641,14137,,0,0,0
2019-06-05,21115,271387,263,168704,0,174233,9271,116279,10508,5742,28646,21865,16546,0,0,0,100277,34978,10492,64198,13630,,0,0,0
2019-06-06,13931,198923,242,163654,0,189987,7576,117925,15274,2762,15246,21981,14502,0,0,0,94769,32057,5919,65132,16945,,0,0,0
2019-06-07,28415,225693,253,167009,14620,182765,7778,128548,21628,3416,11248,21478,17223,0,0,0,92834,32137,7323,65132,16275,,0,0,0
2019-06-08,22031,232400,196,156924,0,183467,7949,137417,14334,3468,0,22702,13524,0,0,0,95379,30477,7472,65132,13585,,0,0,0
2019-06-09,14151,198169,170,158413,0,176483,7452,130658,9060,3499,0,23262,11578,0,0,0,93868,29475,6651,65132,13054,,0,0,0
2019-06-10,27212,211301,300,159972,28921,157487,7296,143962,9741,2806,10607,24514,15751,0,0,0,97661,28611,8508,68842,12083,,0,0,0
2019-06-11,34153,267135,322,165075,10341,148575,7783,125081,9500,2669,16761,7327,17481,0,0,0,95713,32121,6803,63264,12178,,0,0,0
2019-06-12,34528,305673,310,158659,17297,166720,7721,85614,7920,2911,8540,7629,19562,0,0,0,92796,33284,4670,77248,12779,,0,0,0
2019-06-13,32720,372018,294,157984,20039,181749,7968,48544,13135,2886,4703,11426,21088,0,0,0,98950,35244,3918,80076,12270,,0,0,0
2019-06-14,31236,363701,266,162169,10701,174370,7679,58217,14026,2884,18313,23884,17948,0,0,0,97042,35829,6020,95020,12664,,0,0,0
2019-06-15,29695,299210,163,168979,0,135204,5975,85672,12736,2081,32368,23332,16658,0,0,0,89656,30247,10018,108096,14207,,0,0,0
2019-06-16,12768,346758,133,171909,389,130767,6439,140691,11490,2728,37399,22070,15260,0,0,0,78104,29410,10923,108096,13145,,0,0,0
2019-06-17,31574,376981,293,135881,22521,166115,7262,128603,12288,802,16664,17949,23923,0,0,0,85431,34532,6741,108096,12046,,0,0,0
2019-06-18,29651,308715,250,152319,18374,161196,10446,104180,10099,2085,30833,25948,21098,0,0,0,90427,34813,6461,88482,12305,,0,0,0
2019-06-19,33638,304103,267,155873,22690,183709,9169,95214,7620,625,28251,39659,17775,0,0,0,87646,35859,12586,64198,12391,,0,0,0
2019-06-20,29634,299154,284,146131,5627,155789,10062,89113,9654,560,24447,41967,17089,0,0,0,81238,35913,7717,65132,12419,,0,0,0
2019-06-21,34667,288479,292,146735,6176,173740,9188,88382,8970,726,34693,43806,18478,0,0,0,75767,35356,2597,64198,16243,0,0,0,0
2019-06-22,35183,290872,230,154140,0,152274,7908,111632,8027,6139,29395,52346,18299,0,0,0,79878,34409,0,65132,16339,0,0,0,0
2019-06-23,12253,288249,200,157578,0,120481,7583,120904,8962,1831,18776,34904,14819,0,0,0,73278,32399,0,65132,20641,0,0,0,0
2019-06-24,40194,276455,297,138112,7611,156765,6234,96561,14677,4461,20854,27835,19075,0,0,0,75742,37933,0,65132,16675,0,0,0,0
2019-06-25,41097,270651,320,0,7511,159539,9003,106227,16476,5971,24992,27639,13956,0,17396,0,69427,38787,0,64198,18403,0,0,0,0
2019-06-26,38261,290861,295,31839,6829,149729,8273,127525,16884,5707,19976,27700,15629,0,18597,0,57506,39010,0,67908,19081,0,0,0,0
2019-06-27,45823,220898,292,73157,8263,187422,8333,116656,17419,12834,13342,28204,14353,0,0,0,49879,43382,0,68816,24781,0,0,0,0
2019-06-28,43084,156149,248,118424,8685,204458,8758,122860,14602,11842,20819,32442,17540,0,0,0,51327,44067,0,81010,27454,0,42398,0,0
2019-06-29,27361,187501,174,136019,0,153120,9476,134321,8310,0,20094,42443,13157,0,0,0,52326,37431,0,18726,29902,0,0,0,0
2019-06-30,15073,158985,148,146853,0,154799,6977,133629,7557,0,13279,44157,11254,0,0,0,48049,31574,0,16522,27381,0,0,0,0
2019-07-01,30041,173484,167,143938,11512,174778,6870,132363,10091,0,23681,42808,16878,0,0,0,57454,40108,0,18723,23219,0,0,0,0
2019-07-02,42436,142279,170,146262,16454,177272,9190,116552,11491,866,26420,42878,16329,0,0,0,91211,57233,336,15897,25585,0,0,0,0
2019-07-03,40062,169396,169,137903,14733,181211,7687,113217,10240,0,15720,43742,15756,0,0,0,94169,50834,1965,16815,23735,0,22002,0,0
2019-07-04,38564,180522,175,142497,18285,169547,7730,113839,10504,0,17808,14569,15082,0,0,0,94207,54890,2717,16142,26562,0,899,0,0
2019-07-05,46486,175511,596,151909,16569,183030,7732,121507,10584,0,24349,19777,14979,0,0,0,91320,56611,4093,15787,32174,0,0,0,0
2019-07-06,31115,158424,415,158264,0,107377,7275,128445,11853,0,22154,34345,11458,0,0,0,93460,45016,5787,14995,34299,0,0,0,0
2019-07-07,10737,165765,556,157317,0,133930,7453,132257,12844,0,4044,36366,10407,0,0,0,93972,34724,2651,18071,30106,0,0,0,0
2019-07-08,40332,169147,1270,152826,23500,195585,5330,128097,13227,0,6450,35958,15211,0,0,0,96551,55826,6101,26209,25532,0,0,0,0
2019-07-09,42457,176373,1374,152804,18769,164660,8445,127130,12908,2073,6288,36272,16309,0,0,0,98216,53855,7805,18241,27395,0,0,0,0
2019-07-10,39281,142116,128,152001,14728,158089,8046,126776,13381,0,13304,37572,17886,0,0,0,99654,50564,13015,19079,28001,0,0,0,0
2019-07-11,38598,148972,73,154227,11743,135218,7983,128440,12868,0,22938,37370,20220,0,0,0,100155,39411,10565,17807,28014,0,0,0,0
2019-07-12,40980,135960,131,150747,13478,135026,8236,136947,9858,0,22478,38956,21967,0,0,0,97345,39331,12759,15852,32475,0,0,0,0
2019-07-13,37165,127914,78,148761,0,150212,7308,142245,9640,0,21481,40091,13026,0,0,0,101622,36884,13860,15715,37589,0,0,0,0
2019-07-14,10499,126839,25,148393,0,149917,6980,145925,11238,0,15370,41487,10720,0,0,0,96592,33784,10341,14631,36575,0,0,0,0
2019-07-15,41827,116312,47,139965,17505,167652,5988,165151,12507,0,13756,34641,14858,0,0,0,96299,54712,14674,14706,28147,0,0,0,0
2019-07-16,41247,111456,51,144026,16061,170818,7835,173749,13431,0,11922,41910,18840,0,0,0,97410,53659,10632,15502,33865,0,0,0,0
2019-07-17,44635,122988,9,134509,18589,133842,7837,157890,8760,0,9824,46725,24812,0,0,0,94277,53955,14798,12574,32909,0,0,0,0
2019-07-18,42293,123096,313,139276,15387,213433,9301,114889,8864,0,14413,43750,25439,0,0,0,81088,55307,7203,17934,39068,0,0,0,0
2019-07-19,47112,140702,804,144129,16481,181884,8323,107669,15776,0,26710,40383,25567,0,0,0,97428,54346,4035,33873,39533,0,116055,0,0
2019-07-20,40820,141963,256,137628,0,191881,8756,74270,10687,0,30312,39120,20054,0,0,0,95237,47796,12709,13527,48128,0,625,0,0
2019-07-21,16281,123737,120,128734,0,172696,7205,62597,7927,0,27198,42413,16750,0,0,0,94961,38727,9148,13689,47139,0,0,0,0
2019-07-22,45369,114413,746,151775,14737,122941,7438,75467,11136,59,21900,35098,24763,0,0,0,80379,60098,7218,24926,44494,0,119966,0,0
2019-07-23,46846,144213,170,148165,11186,167590,10337,77704,11180,744,2980,36627,24984,0,0,0,95423,64339,6079,27464,47909,0,116797,0,0
2019-07-24,44076,131559,367,140578,12360,192089,11734,96233,13344,1226,744,36920,19229,0,0,0,95905,62958,7168,28400,39795,0,100934,0,0
2019-07-25,41647,123655,667,151830,8890,187210,9320,119915,10587,7899,6072,37412,22290,0,0,0,93529,61959,6162,32479,38258,0,0,0,0
2019-07-26,43576,124561,469,147037,9049,203308,11240,135525,20264,7396,8561,36725,24733,0,0,0,89561,59533,10725,33799,36218,0,0,0,0
2019-07-27,42683,104500,240,142776,0,126793,10909,135473,10030,6486,14788,38021,22790,0,0,0,88326,54806,4000,31485,43332,0,0,0,0
2019-07-28,23163,120081,214,143059,0,146921,9711,134115,14875,7676,20667,45378,18549,0,0,0,80304,50070,2851,22827,36991,0,0,0,0
2019-07-29,45701,101624,597,137594,9953,163255,9457,143443,17017,8401,22879,10505,24651,0,0,0,81911,64234,3337,25564,37097,0,0,0,0
2019-07-30,49000,89674,797,143562,8691,116310,8827,110832,18371,7760,22650,6820,24992,0,0,0,80611,64911,2974,29617,40500,0,0,0,0
2019-07-31,44185,126544,628,138552,8315,130437,9775,78921,19531,7114,19404,9596,22323,0,0,0,90388,63995,3216,34158,38849,0,0,0,0
2019-08-01,47164,118826,635,116540,10059,119780,7083,99686,19527,2558,21922,9469,19676,0,0,0,86623,61332,2694,37112,44387,0,0,0,0
2019-08-02,49880,134808,424,113977,13173,122786,11253,125628,18108,2609,21730,9773,19634,0,0,0,77826,60426,2812,38820,42295,0,0,0,0
2019-08-03,45445,131089,317,125531,0,194199,9940,130832,17992,3088,25250,9916,20372,0,0,0,84975,56873,3163,31134,46645,0,0,0,0
2019-08-04,42536,124656,46,130927,0,177303,10652,125154,13973,2891,21361,6495,18027,0,0,0,90302,52357,2505,33283,47092,0,0,0,0
2019-08-05,58546,144667,133,121218,3245,175563,8681,117009,10748,2760,21812,6129,24255,0,0,0,84321,64666,4611,36822,39530,0,0,0,0
2019-08-06,55746,144171,160,74697,4420,197303,10759,138897,12139,3110,19661,9777,24137,0,0,0,79544,67436,8471,44123,46282,0,0,0,0
2019-08-07,51774,122003,269,79036,8851,126412,10579,120360,12043,4433,16199,10003,22114,7741,0,0,30473,66537,3845,42008,45471,0,0,0,0
2019-08-08,54110,133238,163,92838,11851,175872,11240,83925,10218,8165,16702,10226,21575,11436,0,0,0,67360,4677,29422,39777,0,0,0,0
2019-08-09,55983,143900,108,148553,12807,226527,10962,94682,10838,13469,21266,10116,19450,10242,0,0,9468,67154,3484,23530,43470,0,0,0,0
2019-08-10,43432,143530,36,132070,3451,228003,11494,90074,10414,6439,23529,10422,16382,7472,0,0,40974,59209,5201,28666,47113,0,0,0,0
2019-08-11,34225,132960,298,137474,11614,204678,7255,96089,17846,7063,24527,10856,15270,0,0,0,46698,58604,6118,26781,41879,0,0,0,0
2019-08-12,50421,137192,711,153676,7722,97361,10295,83131,20397,8329,17217,10760,21396,5010,0,0,59372,66691,2482,26368,43592,0,0,0,0
2019-08-13,57048,123745,504,148626,15540,75265,11845,98710,18017,11254,27243,11248,18365,0,0,0,89972,64429,10279,26246,44551,0,0,0,0
2019-08-14,60397,146289,528,147335,16461,114263,11118,107924,18899,8267,26903,11577,22830,0,0,0,87299,68930,12340,27805,44754,0,0,0,0
2019-08-15,36827,122037,226,149746,0,100989,7200,105939,18748,6116,22992,11536,17813,0,0,0,90812,55766,10362,22684,42077,0,0,0,0
2019-08-16,51293,146125,539,142493,12606,83048,7733,108088,18691,8181,22903,12211,21621,0,0,0,95911,61977,15541,27158,41958,0,0,0,0
2019-08-17,41580,138403,338,126657,0,164337,9580,126441,16997,19416,23055,11291,18199,0,0,0,98086,57501,3808,29744,39212,0,0,0,0
2019-08-18,12516,119510,279,132213,0,114500,7070,136412,7404,13058,24926,10885,14726,0,0,0,98768,52396,2832,26201,34654,0,0,0,0
2019-08-19,48660,130275,582,139530,19828,117069,6114,155256,9550,16072,19359,10736,21118,0,0,0,98310,64903,8684,30447,31896,0,0,0,0
2019-08-20,46558,134867,841,142286,16387,94316,8152,151943,10109,22179,20662,0,20732,0,0,0,102413,60068,4489,30363,32307,0,0,0,0
2019-08-21,47818,111985,593,130189,15086,146143,11240,150110,9643,26148,19828,7159,21312,0,0,0,99281,65659,5732,42508,32575,0,0,0,0
2019-08-22,49153,88130,704,145861,4999,164503,10435,154033,10328,18320,17567,15748,22476,0,0,0,97341,64370,5817,43585,33439,0,0,0,0
2019-08-23,38097,113276,632,150716,20565,101527,8347,163327,8474,18686,18117,11133,21962,0,0,0,102390,63579,4241,33027,31449,0,0,0,0
2019-08-24,35628,137065,178,156416,0,149900,7010,161311,10163,20377,6159,0,15467,0,0,0,106567,50953,1557,16518,31516,0,0,0,0
2019-08-25,29186,148276,189,162257,0,137516,5662,157994,9901,27094,9282,0,12581,0,0,0,104729,43729,9739,11125,29708,0,0,0,0
2019-08-26,37414,141006,796,154223,17724,162924,6327,133776,8373,29544,14701,0,21440,0,0,0,103960,58303,4630,45587,29569,0,0,0,0
2019-08-27,36202,140798,678,166758,8473,167159,7696,154940,8298,29853,19512,0,21889,0,0,0,108419,62336,10326,47228,27040,0,0,0,0
2019-08-28,36688,150850,735,160092,17053,151830,7078,146438,8863,27944,5354,0,21161,0,0,0,110948,59700,8071,53141,26952,0,0,0,0
2019-08-29,33640,150139,511,174909,17062,137982,7381,135345,10479,8607,15447,0,21588,0,0,0,115735,59953,4094,32548,25718,0,0,0,0
2019-08-30,35225,142637,692,166299,21393,180447,8169,115150,11016,17821,16007,0,15519,0,0,0,108931,60002,4712,26936,23718,0,0,0,0
2019-08-31,31852,144573,312,164145,0,155121,6954,102579,13775,32405,14837,0,13048,0,0,0,114104,53992,4806,21709,26931,0,0,0,0
2019-09-01,28002,138075,450,166278,0,121920,4558,103746,13106,24630,14092,0,12660,0,0,0,111634,48158,8672,21837,24133,0,0,0,0
2019-09-02,35935,139321,676,160880,0,175458,6044,99399,11919,20732,3109,0,14880,0,0,0,109011,50709,9240,23228,23349,0,0,0,0
2019-09-03,36397,147352,701,159922,0,173067,11256,91982,12611,22592,0,0,14937,0,0,0,109405,51372,7917,20217,23750,0,0,0,0
2019-09-04,35045,149326,543,157347,0,121264,9204,88933,10644,22559,5398,0,16259,0,0,0,107764,50643,6665,19337,23466,0,0,0,0
2019-09-05,33504,138974,494,148076,0,143927,10516,93393,10088,20948,30660,18155,19276,0,0,0,94955,50890,4204,30464,27093,0,0,0,0
2019-09-06,34416,110754,544,156780,490,102206,9924,84843,9402,18855,32720,15408,21294,0,0,0,111394,51726,3221,24637,29163,0,0,0,0
2019-09-07,34597,109534,304,150495,0,96352,8986,86991,7417,21328,26820,14311,17189,0,0,0,103600,49227,3652,19416,28620,0,0,0,0
2019-09-08,27969,126404,278,146129,0,103959,8081,80464,7720,19602,27002,14388,14084,0,0,0,106440,31418,3912,19476,17973,0,0,0,0
2019-09-09,36182,97032,621,153874,0,187101,9220,80121,9080,19117,43827,8655,21837,0,0,0,104952,54417,4508,23892,18812,0,0,0,0
2019-09-10,41424,115674,520,156479,0,229488,10084,80036,11837,19140,32441,7260,21673,0,0,0,103750,53594,6461,25564,17406,0,0,0,1
2019-09-11,41633,107534,820,159298,0,126525,9494,94047,8461,20254,25315,14210,22108,0,0,0,99931,55506,5243,25913,16799,0,0,0,0
2019-09-12,13243,124289,270,166928,0,170934,6286,79478,6982,22953,19876,17247,11348,0,0,0,102040,34781,5148,21456,11568,0,0,0,0
2019-09-13,12524,121373,254,162402,0,173683,4595,73542,6630,23814,24154,16600,10169,0,0,0,103572,40815,2195,21908,10781,0,0,0,0
2019-09-14,12755,138569,187,161154,0,181555,4704,67319,9450,16989,20728,14256,13109,0,0,0,100825,38601,0,20698,11689,0,0,0,0
2019-09-15,12161,142731,378,160622,0,195982,5978,78697,11202,10616,19425,14742,9260,0,0,0,93015,40342,0,20546,20624,0,0,0,0
2019-09-16,40514,142108,935,136525,0,138980,6193,85221,8945,16005,21717,16510,13983,0,0,0,104935,59963,0,21637,10921,0,0,0,0
2019-09-17,42900,145562,1090,135786,0,166397,7792,82669,13763,18504,20110,26045,12888,0,0,0,120428,64072,0,23081,11156,0,0,0,0
2019-09-18,38138,146344,1120,142582,0,189246,8044,90521,18183,20558,24847,28949,14668,0,0,0,116479,47653,0,24225,11997,0,0,0,0
2019-09-19,17404,139309,1083,146425,625,231805,7990,107624,16424,17131,25994,30061,15227,0,0,0,119288,45147,0,23752,12244,28492,0,0,0
2019-09-20,24358,149688,1026,141484,0,192597,8322,97314,16592,16956,24019,31970,13367,0,0,0,128250,48389,0,23123,12933,0,0,0,0
2019-09-21,14107,148920,562,141754,0,225163,7938,114850,14081,9243,31932,34972,8866,0,0,0,109933,45736,0,23217,14030,0,0,0,0
2019-09-22,11020,140763,266,148903,0,179371,8991,128851,11487,6049,33838,37226,6471,0,0,0,109718,35001,0,24078,13339,0,0,0,0
2019-09-23,12351,159794,1136,144479,0,73824,7525,121712,11543,6132,21254,33831,13532,1820,0,0,107821,49528,0,24026,11788,329982,0,0,0
2019-09-24,7932,147972,1176,150140,0,166621,8966,112241,16361,5266,11544,32232,12167,0,13405,0,101505,44700,309,22580,12435,378940,0,0,0
2019-09-25,15711,155578,968,148516,0,168416,8567,102491,14289,4722,11039,35098,12398,3955,0,0,100611,48592,3473,22914,14451,321065,0,0,0
2019-09-26,15960,164165,1000,144781,0,146771,8473,101765,13559,5400,11332,31481,15285,0,0,0,101370,53341,5651,21593,12433,285900,0,0,0
2019-09-27,15461,158581,976,150921,0,110241,8673,112032,14314,7561,9227,27963,15998,0,0,0,97740,50331,6384,23934,13180,0,0,0,0
2019-09-28,14262,153926,481,142249,0,145031,7202,99285,14914,10005,8528,24824,14427,0,0,0,97888,46633,12410,21606,13644,0,0,0,0
2019-09-29,13631,148371,244,136344,0,161471,8877,111027,8947,8690,8522,24210,13830,9012,0,0,19349,43728,7069,21611,13591,0,0,0,0
2019-09-30,22799,165958,1075,113133,0,132491,6351,115569,12867,10630,8675,27351,20342,0,0,0,82449,50605,4085,21753,12564,0,0,0,0
2019-10-01,26158,148659,1008,73721,0,81022,5528,112688,11773,14928,8307,23119,22619,0,337,0,99689,57346,4910,20342,12324,50448,0,0,0
2019-10-02,29945,154290,975,73750,0,50215,5077,114004,10202,12992,6002,22412,18984,0,44203,458,93903,54195,7105,22946,15230,364444,0,0,0
2019-10-03,13888,161903,199,146340,0,10131,4327,135653,13908,12892,3338,19966,14044,0,0,0,97334,41618,8760,20270,17294,346329,0,0,0
2019-10-04,28129,146968,845,147879,0,0,6216,119927,14687,11738,4149,14945,17008,0,0,0,93450,55397,12578,23866,18589,353168,0,0,0
2019-10-05,14737,147861,288,145202,0,0,5120,130294,17950,11100,4851,14856,15127,0,0,0,98373,44237,9176,21688,14429,0,0,0,0
2019-10-06,14170,131007,342,151678,0,0,5693,176070,13023,13281,6855,15405,12837,0,0,0,100765,39297,12422,22517,13946,0,0,0,0
2019-10-07,16244,139804,844,142672,0,0,8818,116794,14875,9218,10257,18063,13404,0,0,0,97472,41140,7725,22270,15173,328288,0,0,0
2019-10-08,17868,134050,585,140088,0,0,9488,131848,19269,8165,10003,24867,13194,35466,0,0,102143,44932,9711,22109,14597,376942,0,0,0
2019-10-09,16101,119058,185,154160,0,0,9025,160302,19183,8211,8986,26084,11603,0,0,0,103274,35765,9178,23601,10491,0,0,0,0
2019-10-10,18064,130176,607,140984,0,0,11321,174431,19127,9451,8355,22679,10980,0,0,0,98896,31813,11437,22972,3740,360352,0,0,0
2019-10-11,21543,139570,737,147656,1725,0,8781,164601,18995,9858,8493,19770,13365,0,0,0,101266,39556,12914,21891,7433,313252,0,0,0
2019-10-12,16825,145027,643,146468,0,0,8412,156138,18850,12476,8700,12733,12581,0,0,0,99642,34328,10497,23236,2746,0,0,0,0
2019-10-13,17290,153276,379,147016,0,0,8270,150291,16093,14518,9062,13232,8219,0,0,0,101760,31484,14875,23157,2825,0,0,0,0
2019-10-14,18435,140068,877,151851,0,0,9291,160020,19273,15955,7568,18642,12691,0,0,0,99477,34540,12050,24297,1749,285601,0,0,0
2019-10-15,20684,138366,1262,161502,0,0,11625,167337,18944,17414,9201,56397,9681,0,0,0,104583,35842,11348,22242,2410,224904,0,0,0
2019-10-16,20085,134048,1137,145531,0,0,11306,160459,15691,18267,10650,9559,10012,0,251,0,105130,32931,10281,22765,2000,203543,0,0,0
2019-10-17,21774,147031,1253,79331,0,0,10677,153631,10246,17327,10886,9695,9209,0,30634,0,95660,27105,9189,23166,2274,0,0,0,0
2019-10-18,11556,138281,1090,81308,1759,0,8124,144782,11730,16927,9288,36549,10180,0,12501,0,70877,32721,7778,21919,3540,204430,0,0,0
2019-10-19,15850,146425,509,71708,0,0,6489,145313,17928,16583,10865,32937,5644,0,18002,0,26333,20243,8847,22329,3617,0,0,0,0
2019-10-20,10283,144874,319,73878,0,0,7750,154747,16254,16740,14068,22479,4621,6921,18690,0,6872,9500,14148,20928,3449,0,0,0,0
2019-10-21,18871,124285,1269,57748,0,0,8189,163984,15545,17352,13452,19480,9427,9119,2021,0,0,12190,12349,27124,3984,0,0,0,0
2019-10-22,19683,136609,1224,76532,0,0,8645,180788,16481,14826,14538,24206,10579,13584,15519,0,0,11343,13864,34195,3407,0,0,0,0
2019-10-23,11569,143432,1082,76531,0,0,9145,173533,19415,13742,20628,26880,8829,3462,17339,0,0,9948,10587,37673,2830,371245,0,0,0
2019-10-24,18184,147675,1055,59398,0,0,8564,155509,19581,18306,3798,23293,8515,3611,1117,0,0,12475,10667,38810,2988,324006,0,0,0
2019-10-25,9449,148608,1202,54570,176,0,8982,195561,15535,17123,5512,19392,8665,375,22491,0,0,10871,13022,42494,3208,233021,0,0,0
2019-10-26,6190,154463,846,61588,0,0,9642,202631,18301,17090,20920,19392,9504,2298,21491,0,0,10437,7000,45452,2587,0,0,0,0
2019-10-27,7692,146840,665,11060,0,0,10038,189039,19643,16413,17900,19392,7853,2645,42520,0,0,9730,10341,43475,2221,0,0,0,0
2019-10-28,6222,109243,887,0,0,0,11358,180724,17970,18910,15280,19392,12631,3323,66041,0,0,13562,9366,40739,3716,209653,0,0,0
2019-10-29,7642,82694,982,0,0,0,11787,135131,8955,21588,14500,19392,12049,3193,77996,0,0,18105,10231,44616,6215,213263,0,0,0
2019-10-30,5386,89351,789,0,0,0,13468,89329,7285,18181,13682,23421,13597,7118,75683,0,0,32384,12342,35282,6238,206504,0,0,0
2019-10-31,7382,91271,823,0,0,7192,10724,85285,9600,19688,15792,23256,12449,7469,63275,0,0,28154,5259,25492,7455,177584,0,0,0
2019-11-01,11734,122637,727,0,0,43152,9928,103549,15879,16101,18312,23190,12723,3780,48233,0,0,31557,6893,24637,6981,0,0,0,0
2019-11-02,19067,103845,637,0,0,43152,9177,96502,18445,18358,17436,22316,13542,0,67944,0,0,29132,10919,25418,8130,0,0,0,0
2019-11-03,16434,93086,502,0,0,43152,8951,97669,17911,16904,18327,22754,15424,0,77535,0,0,27443,7463,23735,7233,0,0,0,0
2019-11-04,19265,98913,1038,0,0,46267,11300,97554,21612,13316,25153,24031,14924,0,84800,0,0,32564,8221,30394,7049,0,0,0,0
2019-11-05,23185,108851,799,0,0,56263,11702,99255,21966,13742,30907,22912,14085,0,65546,0,0,31852,10806,26990,5462,0,0,0,0
2019-11-06,11363,116112,1824,0,0,67203,13000,108260,10704,16250,17993,22302,15410,0,69137,0,0,35615,5900,28021,283,0,0,0,0
2019-11-07,10787,119338,1043,0,0,76039,13967,109435,7926,17395,22444,22932,16823,3942,84044,0,0,40103,8038,31206,2904,0,23634,0,0
2019-11-08,8983,118811,4832,0,765,105743,18530,120105,8933,22231,16203,23739,16795,18698,81521,0,0,54074,8533,34363,7571,0,0,0,0
2019-11-09,11133,110463,1164,0,0,147954,14255,97482,9352,23628,23577,23583,12406,13529,74290,0,0,42694,10096,30946,9086,0,0,0,0
2019-11-10,7744,118071,1802,0,0,176030,13112,90327,9744,23778,24035,23212,14400,15478,73744,0,0,35366,9946,29298,8512,0,0,0,0
2019-11-11,11708,107223,4846,0,0,214076,13587,108075,9558,22037,21783,22077,17269,5854,62775,0,0,37553,7677,30718,8212,0,0,0,0
2019-11-12,8616,123612,7211,0,0,197118,15791,127517,10018,17839,13078,22333,17254,13079,83844,0,0,40326,11845,32780,7983,540602,0,0,0
2019-11-13,12908,134497,6678,0,0,192026,17610,129226,10566,23044,7850,23159,19390,9523,84045,0,0,44614,10772,38589,7787,217355,119955,0,0
2019-11-14,16107,140217,9066,0,0,180423,27477,143315,12648,19659,7409,25226,22118,37559,82120,0,0,62210,14010,56507,4030,296637,233122,0,0
2019-11-15,12931,127949,7563,0,0,198142,22918,118362,13042,17046,7747,24103,20732,25729,84440,0,0,51114,11387,46531,7542,0,208698,0,0
2019-11-16,12289,119916,6482,8295,0,220747,18556,152262,11451,19749,7984,23075,18076,24018,88650,0,0,41163,8580,35528,8593,0,193980,0,0
2019-11-17,9433,3253,4162,48502,0,15426,18746,139204,10928,18445,10128,22586,15591,22942,79051,0,0,36032,11188,35307,8561,0,186746,0,0
2019-11-18,15977,91,7797,88270,0,0,23910,141266,13227,19468,13386,23923,21473,38515,79671,0,0,53384,9982,53798,7178,0,196558,0,0
2019-11-19,20058,33828,10428,91200,1677,43658,31407,146545,21155,20793,9902,18368,24355,45769,85487,0,0,61060,9294,62540,4751,0,134113,0,0
2019-11-20,18375,92479,10816,93863,0,141962,29487,132825,21660,30603,3365,6865,25073,51298,83371,0,0,62241,11127,56339,5726,0,157181,0,0
2019-11-21,17503,121258,10193,96530,0,178318,25779,137107,23416,25625,3075,5157,20952,48864,90522,0,15480,58407,15432,48178,6695,0,204199,0,0
2019-11-22,13482,113238,8899,87692,0,175525,19522,128709,19843,27575,2402,5005,18657,36573,84956,0,56085,45213,11832,39699,7851,0,171819,0,0
2019-11-23,12699,111641,4643,85381,0,159935,14247,122880,11000,29981,5517,4731,16344,49988,83786,0,88281,27175,11765,28849,11492,0,0,0,0
2019-11-24,9603,109920,3435,86778,0,163253,15936,123199,8099,30484,6108,9834,14921,55369,89236,0,96265,25096,15532,27849,11580,0,34517,0,0
2019-11-25,17033,110631,7433,82101,0,190319,22194,124517,12653,25353,10112,14099,23554,82878,117578,0,94432,50705,13501,46377,10620,0,200190,0,0
2019-11-26,20414,92265,8767,83735,3230,183199,19921,101698,11274,21877,8426,15867,17077,31933,74257,0,100910,36204,14459,39758,10914,0,185222,0,0
2019-11-27,16212,94485,8745,111016,16689,194663,20495,81219,12351,27648,6240,17969,21078,56487,89117,0,98446,46584,12722,45989,10486,0,189841,0,0
2019-11-28,16841,116147,9827,170094,20009,183225,21838,79889,12560,13266,5365,20120,22703,52380,95332,0,57516,46636,9884,42183,10704,46245,186797,0,0
2019-11-29,21736,119667,9893,173725,18222,194684,25588,68049,13511,22904,6397,15619,23198,58572,92040,9448,59563,49526,11744,54853,10964,0,191690,0,0
2019-11-30,15671,119379,7825,172990,18213,189309,23334,82376,12448,23057,6623,10303,19174,33820,82594,0,100655,41619,8842,42109,11372,0,190095,0,0
2019-12-01,15995,81323,5788,166528,0,194716,21870,67851,13018,24314,7136,10625,17281,36115,83011,0,108491,31254,11712,34322,11959,0,175439,0,0
2019-12-02,25326,103419,11044,171497,2061,230504,26913,87203,21891,27614,1149,16684,24426,104338,88795,0,115979,58984,10122,57580,10879,0,185689,0,0
2019-12-03,21120,103403,10672,172240,4272,200754,26908,71934,28477,29746,0,22757,25147,109648,84081,52914,112671,58203,14560,64956,10790,327750,175694,0,0
2019-12-04,24595,113486,9468,170159,5533,214570,24402,93836,28119,24977,3715,23624,23230,41936,89671,50194,117124,58818,12970,75516,11207,0,167367,0,0
2019-12-05,24311,93970,12545,171678,9401,200507,30684,98765,31460,19436,4878,23126,25889,307022,103727,59302,101780,72517,10666,103459,12014,0,178316,0,0
2019-12-06,28058,95336,12248,178482,8449,140071,34637,45380,23992,19689,7815,21109,28812,483738,122309,61120,109053,78289,7012,100042,13486,0,184376,0,742
2019-12-07,25092,107211,8477,173873,7355,0,32856,41556,20797,21336,12714,11709,23842,182532,133651,77655,103281,64541,0,79601,13786,57780,179858,0,0
2019-12-08,19607,101966,8780,172261,0,26847,28168,40821,20968,18341,17329,12034,22777,39623,165193,87752,70592,56094,0,82028,12739,0,178515,0,0
2019-12-09,24725,100198,10465,171536,12218,67824,25935,36937,19995,21862,14321,14517,25539,71478,175378,74128,104896,65410,0,87912,11673,0,175076,0,0
2019-12-10,15466,84696,6358,150649,12917,67824,15900,69282,11284,24234,8767,9913,20168,76168,152788,46641,85804,48736,0,66997,12184,0,163028,0,1164
2019-12-11,23433,71328,8012,146292,13719,67824,16224,86130,11174,24547,5719,5791,21030,81283,189124,48278,81698,48147,0,67911,9936,0,166330,0,0
2019-12-12,23157,92228,9107,172245,16638,67824,26162,110656,15010,23736,1865,6288,27768,141467,222571,51216,95060,58510,0,82454,11919,0,178321,0,0
2019-12-13,27676,98064,11449,169527,16765,67824,25946,96671,13824,24460,5645,6220,27960,113787,207062,51062,81495,47502,0,81918,11801,0,179031,0,0
2019-12-14,18705,108285,9312,167359,16517,92784,20317,102072,12523,27315,7142,7757,23324,42592,204737,51119,76762,35683,0,71261,13449,0,168870,0,0
2019-12-15,19473,110324,9365,171154,0,92784,18899,104333,17941,26689,6384,10434,18148,22550,173712,49996,92053,31215,0,64722,12864,0,165358,0,0
2019-12-16,22076,112973,10152,166432,5357,122434,17944,121344,10540,24117,6835,10029,24848,0,124310,49995,107735,32442,0,71145,11753,0,165079,0,0
2019-12-17,20449,102322,9121,165891,4340,100361,16343,121344,10413,24047,16323,8327,19418,0,105049,49040,100086,27997,0,58770,11898,0,158744,0,1967
2019-12-18,18078,119469,10750,170606,15252,43622,24237,112012,13421,21059,10633,5844,25371,11716,183056,54345,98566,33760,0,73597,13377,0,171689,0,0
2019-12-19,24611,124983,11853,174144,14700,42144,28891,119571,19509,19671,3586,8060,28647,40138,217400,51641,104639,42448,0,79801,13291,322579,178339,0,0
2019-12-20,34916,119122,11804,179589,13585,39510,28981,138695,20930,22414,4945,10760,30229,93679,210204,53056,100809,33078,0,81135,13278,276240,175676,0,0
2019-12-21,21396,115260,12034,173063,13713,31129,28824,127330,26273,27362,4322,10028,25629,212788,199966,50426,95361,31984,0,78162,17297,0,177885,0,0
2019-12-22,23460,100278,8548,164402,0,41024,22525,121928,11162,26817,8342,8704,19026,38031,192808,47607,91412,26364,0,71326,14544,210584,168596,0,0
2019-12-23,24323,109493,11096,168355,12174,48764,23541,136351,14796,16995,14496,20478,25675,37647,222628,53186,92484,25022,174,74723,14981,210358,163332,0,89
2019-12-24,23719,93472,10863,170764,13945,30176,26592,144633,28169,22384,4440,32441,27869,41251,238954,59087,61655,26439,7441,72601,16615,270783,170018,0,1296
2019-12-25,28171,111302,10896,173492,0,14206,24017,143262,25863,25089,597,31789,22995,47906,236716,51277,74314,20623,19140,73507,17686,0,173596,0,0
2019-12-26,21268,128270,11275,170685,15840,64905,26321,122265,20816,26250,594,33752,27085,48472,239574,51321,90525,26111,17484,76620,16143,233784,173341,0,0
2019-12-27,34512,129520,13152,170782,14762,30958,30063,136134,27661,25545,7221,33479,29771,46857,267844,53542,93991,30346,17396,88935,15866,0,179094,0,0
2019-12-28,21886,149459,10215,172885,14199,28612,26061,131401,24967,25712,7300,33681,25044,45514,196996,50459,96150,25873,15691,77881,16498,0,173641,0,0
2019-12-29,24048,125284,8549,171686,0,41384,22667,128997,24249,25974,8567,33773,19689,45676,198263,49723,83623,20659,14472,74087,14162,0,168903,0,0
2019-12-30,19927,115899,10225,171062,13353,41808,25593,126714,22363,28684,6951,32888,26127,125515,261700,50274,91244,24999,17029,86545,13548,223618,166510,0,0
2019-12-31,40506,107829,11281,172078,20205,37617,38781,147078,26862,25204,9861,32831,35353,210758,321167,72415,97254,40106,14304,114992,17913,0,187716,0,0
